REL	COMPILE	SEED	RUN	NCOUNT	MAX_TF	LAST_NU	LAST_RE	TARGET_TF	POLICY	GRID	ABORT	FORMAL	DISS
EFFECTIVE_CHI_EQUAL_SCAN/Ra1e10/chinu0.0_chikappa0.0/results	0	NA	86	33	3.2000000000000000E+001	2.1062322986351528E+003	4.0696591803542731E+004	1000.0d0	#define FLOW_ODD_EFFECTIVE_MAGIC	2049x2049	NONFINITE_ABORT:_statistics_at_time_tf_=_3.3000000000000000E+001_absolute_itc_=_1171161	NONE	NONE
EFFECTIVE_CHI_EQUAL_SCAN/Ra1e10/chinu0.1_chikappa0.1/results	0	NA	86	26	2.5000000000000000E+001	5.9277175852299692E+001	2.4151498634517095E+004	1000.0d0	#define FLOW_ODD_EFFECTIVE_MAGIC	2049x2049	NONFINITE_ABORT:_statistics_at_time_tf_=_2.6000000000000000E+001_absolute_itc_=_922733	NONE	NONE
EFFECTIVE_CHI_EQUAL_SCAN/Ra1e10/chinu0.2_chikappa0.2/results	0	NA	86	15	1.4000000000000000E+001	2.5213567279443868E+002	8.9272802591255404E+003	1000.0d0	#define FLOW_ODD_EFFECTIVE_MAGIC	2049x2049	NONFINITE_ABORT:_statistics_at_time_tf_=_1.5000000000000000E+001_absolute_itc_=_532346	NONE	NONE
EFFECTIVE_CHI_EQUAL_SCAN/Ra1e10/chinu0.3_chikappa0.3/results	0	NA	86	15	1.4000000000000000E+001	2.5210996155251692E+002	8.9271692062511502E+003	1000.0d0	#define FLOW_ODD_EFFECTIVE_MAGIC	2049x2049	NONFINITE_ABORT:_statistics_at_time_tf_=_1.5000000000000000E+001_absolute_itc_=_532346	NONE	NONE
EFFECTIVE_CHI_EQUAL_SCAN/Ra1e10/chinu0.4_chikappa0.4/results	0	NA	86	14	1.3000000000000000E+001	9.0611857297635993E+001	5.4370566185123444E+003	1000.0d0	#define FLOW_ODD_EFFECTIVE_MAGIC	2049x2049	NONFINITE_ABORT:_statistics_at_time_tf_=_1.4000000000000000E+001_absolute_itc_=_496856	NONE	NONE
EFFECTIVE_CHI_EQUAL_SCAN/Ra1e10/chinu0.5_chikappa0.5/results	0	NA	86	14	1.3000000000000000E+001	9.0561497916828117E+001	5.4366493379270605E+003	1000.0d0	#define FLOW_ODD_EFFECTIVE_MAGIC	2049x2049	NONFINITE_ABORT:_statistics_at_time_tf_=_1.4000000000000000E+001_absolute_itc_=_496856	NONE	NONE
EFFECTIVE_CHI_EQUAL_SCAN/Ra1e10/chinu0.6_chikappa0.6/results	0	NA	86	13	1.2000000000000000E+001	3.5832390938153004E+001	2.8368554494211367E+003	1000.0d0	#define FLOW_ODD_EFFECTIVE_MAGIC	2049x2049	NONFINITE_ABORT:_statistics_at_time_tf_=_1.3000000000000000E+001_absolute_itc_=_461366	NONE	NONE
EFFECTIVE_CHI_EQUAL_SCAN/Ra1e10/chinu0.7_chikappa0.7/results	0	NA	86	13	1.2000000000000000E+001	3.5775677140328426E+001	2.8372197840982590E+003	1000.0d0	#define FLOW_ODD_EFFECTIVE_MAGIC	2049x2049	NONFINITE_ABORT:_statistics_at_time_tf_=_1.3000000000000000E+001_absolute_itc_=_461366	NONE	NONE
EFFECTIVE_CHI_EQUAL_SCAN/Ra1e10/chinu0.8_chikappa0.8/results	0	NA	86	13	1.2000000000000000E+001	3.5669463849349945E+001	2.8374606390101067E+003	1000.0d0	#define FLOW_ODD_EFFECTIVE_MAGIC	2049x2049	NONFINITE_ABORT:_statistics_at_time_tf_=_1.3000000000000000E+001_absolute_itc_=_461366	NONE	NONE
EFFECTIVE_CHI_EQUAL_SCAN/Ra1e10/chinu0.9_chikappa0.9/results	0	NA	86	13	1.2000000000000000E+001	3.5427665601371984E+001	2.8375454939437154E+003	1000.0d0	#define FLOW_ODD_EFFECTIVE_MAGIC	2049x2049	NONFINITE_ABORT:_statistics_at_time_tf_=_1.3000000000000000E+001_absolute_itc_=_461366	NONE	NONE
FIXED_SQ1_CHI_EQUAL_SCAN/Ra1e10_t100_latest/chinu0.0_chikappa0.0/results	0	NA	86	36	3.5000000000000000E+001	1.1597029792261571E+003	4.5155304494140313E+004	100.0d0	#define FLOW_ODD_FIXED_SQ	2048x2048	NONFINITE_ABORT:_itc/count/i/j/variable_=_1276992_/_16777216_1_1_/_rho	NONE	NONE
FIXED_SQ1_CHI_EQUAL_SCAN/Ra1e10_t100_latest/chinu0.2_chikappa0.2/results	0	NA	86	33	3.2000000000000000E+001	1.0973259263063314E+003	4.7959016163013235E+004	100.0d0	#define FLOW_ODD_FIXED_SQ	2048x2048	NONFINITE_ABORT:_itc/count/i/j/variable_=_1170576_/_16777216_1_1_/_rho	NONE	NONE
FIXED_SQ1_CHI_EQUAL_SCAN/Ra1e10_t100_latest/chinu0.5_chikappa0.5/results	0	NA	86	45	4.4000000000000000E+001	1.5876263105947683E+002	4.7009026963895405E+004	100.0d0	#define FLOW_ODD_FIXED_SQ	2048x2048	NONFINITE_ABORT:_itc/count/i/j/variable_=_1596240_/_16777216_1_1_/_rho	NONE	NONE
FIXED_SQ1_CHI_EQUAL_SCAN/Ra1e10_t100_latest/chinu0.7_chikappa0.7/results	0	NA	86	35	3.4000000000000000E+001	4.8990707221286004E+002	4.8120806350690320E+004	100.0d0	#define FLOW_ODD_FIXED_SQ	2048x2048	NONFINITE_ABORT:_itc/count/i/j/variable_=_1241520_/_16777216_1_1_/_rho	NONE	NONE
FIXED_SQ1_CHI_EQUAL_SCAN/Ra1e10_t100_latest/chinu0.9_chikappa0.9/results	0	NA	86	25	2.4000000000000000E+001	2.1423476818817421E+003	3.2552039083630782E+004	100.0d0	#define FLOW_ODD_FIXED_SQ	2048x2048	NONFINITE_ABORT:_itc/count/i/j/variable_=_886800_/_16777216_1_1_/_rho	NONE	NONE
FLOW_BGK_CHI_EQUAL_SCAN/Ra1e10_t100_latest/chinu0.0_chikappa0.0/continuation_t300_latest/continuation_t1000_latest/results	0	0	86	413	4.1200000000000000E+002	7.6755652532426296E+001	5.6797795060111166E+004	1000.0d0	#define FLOW_BGK	2048x2048	NONFINITE_ABORT:_itc/count/i/j/variable_=_14649936_/_16777216_1_1_/_rho	NONE	NONE
FLOW_BGK_CHI_EQUAL_SCAN/Ra1e10_t100_latest/chinu0.0_chikappa0.0/continuation_t300_latest/results	0	0	0	301	3.0000000000000000E+002	5.4537644889534754E+001	5.8262042346635069E+004	300.0d0	#define FLOW_BGK	2048x2048	NONE	1.5000000000000000E+002_2.2500000000000000E+002_3.0000000000000000E+002_151_75_76_9.5325419512604725E+001_5.4901751644679185E+004_9.6725022492091085E+001_5.3555949191393440E+004_9.3944232361795841E+001_5.6198259870445501E+004_2.9600434857841300E+000%_4.7017660068895557E+000%	Nu=9.3944232361795841E+001,Re=5.6198259870445501E+004,wall=1.9927533715789592E+000%,kin=1.6346382433962138E+001%,therm=1.1166356105070905E+001%,Ru=8.3477744550374744E-001,RT=1.1116635610507091E+000
FLOW_BGK_CHI_EQUAL_SCAN/Ra1e10_t100_latest/chinu0.0_chikappa0.0/results	0	NA	0	101	1.0000000000000000E+002	9.5921030435581969E+001	4.9667281848508690E+004	100.0d0	#define FLOW_BGK	2048x2048	NONE	5.0000000000000000E+001_7.5000000000000000E+001_1.0000000000000000E+002_51_25_26_9.3398442796698305E+001_4.7803667058863502E+004_9.7142242074255989E+001_4.6948931918130656E+004_8.9798635799046650E+001_4.8611356931860995E+004_8.1778595074016742E+000%_3.4198284488552253E+000%	Nu=8.9798635799046650E+001,Re=4.8611356931860995E+004,wall=5.0312558226248871E+000%,kin=2.6242511002576421E+001%,therm=1.5277757109992802E+001%,Ru=7.3461960684781880E-001,RT=1.1527775710999280E+000
FLOW_BGK_CHI_EQUAL_SCAN/Ra1e10_t100_latest/chinu0.2_chikappa0.2/continuation_t300_latest/results	0	0	0	301	3.0000000000000000E+002	1.0110612278947832E+002	5.5993646595336038E+004	300.0d0	#define FLOW_BGK	2048x2048	NONE	1.5000000000000000E+002_2.2500000000000000E+002_3.0000000000000000E+002_151_75_76_8.9254440160816316E+001_5.4370361283697057E+004_8.8559969475646625E+001_5.2811694145391310E+004_8.9939773073812617E+001_5.5865903382458746E+004_1.5341417384204450E+000%_5.4670363354876370E+000%	Nu=8.9939773073812617E+001,Re=5.5865903382458731E+004,wall=5.1565573428999718E+000%,kin=4.2302410807993800E+000%,therm=1.6754670958372891E+001%,Ru=1.0427780406566656E+000,RT=1.1675467095837289E+000
FLOW_BGK_CHI_EQUAL_SCAN/Ra1e10_t100_latest/chinu0.2_chikappa0.2/results	0	NA	0	101	1.0000000000000000E+002	1.2050754480232172E+002	5.0010751728326773E+004	100.0d0	#define FLOW_BGK	2048x2048	NONE	5.0000000000000000E+001_7.5000000000000000E+001_1.0000000000000000E+002_51_25_26_9.5546088778437579E+001_4.8336951498641458E+004_9.7973103406258204E+001_4.7511858137086107E+004_9.3212420867071657E+001_4.9117241332236423E+004_5.1073478136306107E+000%_3.2684718270133746E+000%	Nu=9.3212420867071657E+001,Re=4.9117241332236423E+004,wall=3.5873244202674979E+000%,kin=2.3402587103076055E+001%,therm=3.7880087913076692E+000%,Ru=7.6343622931504718E-001,RT=1.0378800879130767E+000
FLOW_BGK_CHI_EQUAL_SCAN/Ra1e10_t100_latest/chinu0.7_chikappa0.7/continuation_t300_latest/results	NA	NA	NA	0	NA	NA	NA	300.0d0	#define FLOW_BGK	2048x2048	NONE	NONE	NONE
FLOW_BGK_CHI_EQUAL_SCAN/Ra1e10_t100_latest/chinu0.7_chikappa0.7/results	0	NA	86	40	3.9000000000000000E+001	1.1816534551333629E+002	4.5876077741491805E+004	100.0d0	#define FLOW_BGK	2048x2048	NONFINITE_ABORT:_itc/count/i/j/variable_=_1418880_/_16777216_1_1_/_rho	NONE	NONE
FLOW_BGK_CHI_EQUAL_SCAN/Ra1e10_t100_latest/chinu0.9_chikappa0.9/results	0	NA	86	25	2.4000000000000000E+001	1.4079494832774728E+003	2.8912542855429514E+004	100.0d0	#define FLOW_BGK	2048x2048	NONFINITE_ABORT:_itc/count/i/j/variable_=_886800_/_16777216_1_1_/_rho	NONE	NONE
FLOW_BGK/Ra1e10/chinu0.5_chikappa0.5/results	0	NA	0	1001	1.0000000000000000E+003	2.2813371089235540E+002	5.9598808705988420E+004	1000.0d0	#define FLOW_BGK	2049x2049	NONE	5.0000000000000000E+002_7.5000000000000000E+002_1.0000000000000000E+003_501_250_251_9.4104363187683433E+001_6.0272272228680500E+004_9.4013089505337561E+001_6.0489255760113127E+004_9.4195273229860391E+001_6.0055373883386201E+004_1.9341068641337761E-001%_7.2246969533388505E-001%	Nu=9.4195273229860391E+001,Re=6.0055373883386193E+004,wall=1.4016714809026558E+000%,kin=1.0738920891009636E+000%,therm=6.5111746638285917E+000%,Ru=1.0108541512081579E+000,RT=1.0651117466382860E+000
ORIGINAL_CHI_EQUAL_SCAN/Ra1e10_t100_latest/chinu0.0_chikappa0.0/results	0	NA	86	31	3.0000000000000000E+001	7.0217710464831441E+002	4.0312812001494021E+004	100.0d0	#define FLOW_ODD_ORIGINAL_MAGIC	2048x2048	NONFINITE_ABORT:_itc/count/i/j/variable_=_1099632_/_16777216_1_1_/_rho	NONE	NONE
ORIGINAL_CHI_EQUAL_SCAN/Ra1e10_t100_latest/chinu0.1_chikappa0.1/results	0	NA	86	27	2.6000000000000000E+001	2.1867151692989961E+002	2.4530539535341170E+004	100.0d0	#define FLOW_ODD_ORIGINAL_MAGIC	2048x2048	NONFINITE_ABORT:_itc/count/i/j/variable_=_957744_/_16777216_1_1_/_rho	NONE	NONE
ORIGINAL_CHI_EQUAL_SCAN/Ra1e10_t100_latest/chinu0.2_chikappa0.2/results	0	NA	86	16	1.5000000000000000E+001	2.1046369645894066E+002	1.2522623376584665E+004	100.0d0	#define FLOW_ODD_ORIGINAL_MAGIC	2048x2048	NONFINITE_ABORT:_itc/count/i/j/variable_=_567552_/_16777216_1_1_/_rho	NONE	NONE
ORIGINAL_CHI_EQUAL_SCAN/Ra1e10_t100_latest/chinu0.3_chikappa0.3/results	0	NA	86	15	1.4000000000000000E+001	2.5144126718520394E+002	8.9273251598765073E+003	100.0d0	#define FLOW_ODD_ORIGINAL_MAGIC	2048x2048	NONFINITE_ABORT:_itc/count/i/j/variable_=_532080_/_16777216_1_1_/_rho	NONE	NONE
ORIGINAL_CHI_EQUAL_SCAN/Ra1e10_t100_latest/chinu0.4_chikappa0.4/results	0	NA	86	15	1.4000000000000000E+001	2.5116264924953671E+002	8.9271946406984280E+003	100.0d0	#define FLOW_ODD_ORIGINAL_MAGIC	2048x2048	NONFINITE_ABORT:_itc/count/i/j/variable_=_532080_/_16777216_1_1_/_rho	NONE	NONE
ORIGINAL_CHI_EQUAL_SCAN/Ra1e10_t100_latest/chinu0.5_chikappa0.5/results	0	NA	86	15	1.4000000000000000E+001	2.5088040187784534E+002	8.9270280065918432E+003	100.0d0	#define FLOW_ODD_ORIGINAL_MAGIC	2048x2048	NONFINITE_ABORT:_itc/count/i/j/variable_=_532080_/_16777216_1_1_/_rho	NONE	NONE
ORIGINAL_CHI_EQUAL_SCAN/Ra1e10_t100_latest/chinu0.6_chikappa0.6/results	0	NA	86	15	1.4000000000000000E+001	2.5059540475537440E+002	8.9268271584189588E+003	100.0d0	#define FLOW_ODD_ORIGINAL_MAGIC	2048x2048	NONFINITE_ABORT:_itc/count/i/j/variable_=_532080_/_16777216_1_1_/_rho	NONE	NONE
ORIGINAL_CHI_EQUAL_SCAN/Ra1e10_t100_latest/chinu0.7_chikappa0.7/results	0	NA	86	15	1.4000000000000000E+001	2.5030671068369494E+002	8.9265973525545269E+003	100.0d0	#define FLOW_ODD_ORIGINAL_MAGIC	2048x2048	NONFINITE_ABORT:_itc/count/i/j/variable_=_532080_/_16777216_1_1_/_rho	NONE	NONE
ORIGINAL_CHI_EQUAL_SCAN/Ra1e10_t100_latest/chinu0.8_chikappa0.8/results	0	NA	86	15	1.4000000000000000E+001	2.5000611659273162E+002	8.9263516819872475E+003	100.0d0	#define FLOW_ODD_ORIGINAL_MAGIC	2048x2048	NONFINITE_ABORT:_itc/count/i/j/variable_=_532080_/_16777216_1_1_/_rho	NONE	NONE
ORIGINAL_CHI_EQUAL_SCAN/Ra1e10_t100_latest/chinu0.99_chikappa0.99/continuation_t1000_latest/results	0	NA	1	101	1.0000000000000000E+002	8.9081259468068794E+001	4.9660944736599122E+004	1000.0d0	#define FLOW_ODD_ORIGINAL_MAGIC	2048x2048	NONE	NONE	NONE
ORIGINAL_CHI_EQUAL_SCAN/Ra1e10_t100_latest/chinu0.99_chikappa0.99/continuation_t1000_latest_retry1/results	0	NA	86	259	2.5800000000000000E+002	1.1415782424325403E+002	5.4784355499116151E+004	1000.0d0	#define FLOW_ODD_ORIGINAL_MAGIC	2048x2048	NONFINITE_ABORT:_itc/count/i/j/variable_=_9187248_/_16777216_1_1_/_rho	NONE	NONE
ORIGINAL_CHI_EQUAL_SCAN/Ra1e10_t100_latest/chinu0.99_chikappa0.99/results	0	NA	0	101	1.0000000000000000E+002	8.9081259468068794E+001	4.9660944736599122E+004	100.0d0	#define FLOW_ODD_ORIGINAL_MAGIC	2048x2048	NONE	5.0000000000000000E+001_7.5000000000000000E+001_1.0000000000000000E+002_51_25_26_9.3107363460496202E+001_4.8230451197285227E+004_9.4588775977767014E+001_4.7462661490989245E+004_9.1682928347735810E+001_4.8957356507857352E+004_3.1694533348780913E+000%_3.0530549921097507E+000%	Nu=9.1682928347735810E+001,Re=4.8957356507857345E+004,wall=3.2347023542187725E+000%,kin=1.3860599822149787E+001%,therm=3.4307861495835152E+000%,Ru=8.5986553329223969E-001,RT=1.0343078614958352E+000
ORIGINAL_CHI_EQUAL_SCAN/Ra1e10_t100_latest/chinu0.9_chikappa0.9/results	0	NA	86	19	1.8000000000000000E+001	6.1155392884027515E+002	2.0588713680676818E+004	100.0d0	#define FLOW_ODD_ORIGINAL_MAGIC	2048x2048	NONFINITE_ABORT:_itc/count/i/j/variable_=_673968_/_16777216_1_1_/_rho	NONE	NONE
ORIGINAL/Ra1e10/chinu0.5_chikappa0.5/results	0	NA	86	15	1.4000000000000000E+001	2.5081708885764775E+002	8.9269680071496659E+003	1000.0d0	#define FLOW_ODD_ORIGINAL_MAGIC	2049x2049	NONFINITE_ABORT:_statistics_at_time_tf_=_1.5000000000000000E+001_absolute_itc_=_532346	NONE	NONE
