family	result_dir	run_status	last_nu_tf	last_re_tf	meta_tf	chi_nu	chi_kappa	tau0	Snu	Sq	policy	nonfinite
FIRST_ORIGINAL	/data2/XLLi/LBMCDE/FLOW-TEST/ORIGINAL/Ra1e10/chinu0.0/results	86	1.0000000000000000E+003	1.0000000000000000E+003	9.9999997049606850E+002	0.000000000000000	NA	0.5029692830952942	1.988192984362699	1.5711769332036361E-002	Flow odd magic policy = original tau_0 scale	none
FIRST_ORIGINAL	/data2/XLLi/LBMCDE/FLOW-TEST/ORIGINAL/Ra1e10/chinu0.1_t100_latest/results	86	3.3000000000000000E+001	3.3000000000000000E+001	NA	0.1000000000000000	NA	0.5032992034392157	1.986889693380513	1.7442296516735099E-002	Flow odd magic policy = original tau_0 scale	NONFINITE_ABORT: statistics at time_tf = 3.4000000000000000E+001 absolute itc = 1206651
FIRST_ORIGINAL	/data2/XLLi/LBMCDE/FLOW-TEST/ORIGINAL/Ra1e10/chinu0.2/results	missing	NA	NA	2.9999999114882053E+002	0.2000000000000000	NA	0.5037116038691177	1.985262980480862	1.9601215443086639E-002	Flow odd magic policy = original tau_0 scale	none
FIRST_ORIGINAL	/data2/XLLi/LBMCDE/FLOW-TEST/ORIGINAL/Ra1e10/chinu0.2_t100_latest/results	86	1.5000000000000000E+001	1.5000000000000000E+001	NA	0.2000000000000000	NA	0.5037116038691177	1.985262980480862	1.9601215443086639E-002	Flow odd magic policy = original tau_0 scale	NONFINITE_ABORT: statistics at time_tf = 1.6000000000000000E+001 absolute itc = 567836
FIRST_ORIGINAL	/data2/XLLi/LBMCDE/FLOW-TEST/ORIGINAL/Ra1e10/chinu0.3_t100_latest/results	86	1.4000000000000000E+001	1.4000000000000000E+001	NA	0.3000000000000000	NA	0.5042418329932774	1.983175402294185	2.2370069039048222E-002	Flow odd magic policy = original tau_0 scale	NONFINITE_ABORT: statistics at time_tf = 1.5000000000000000E+001 absolute itc = 532346
FIRST_ORIGINAL	/data2/XLLi/LBMCDE/FLOW-TEST/ORIGINAL/Ra1e10/chinu0.4/results	87	1.4000000000000000E+001	1.4000000000000000E+001	NA	0.4000000000000000	NA	0.5049488051588237	1.980398784556913	2.6049852462386405E-002	Flow odd magic policy = original tau_0 scale	POPULATION_NONFINITE_ABORT: time_tf = 1.50000052E+01 first_detected = 3 bad_f(i,j,q)/bad_g(i,j,q) = 1 1 0 1 1 0
FIRST_ORIGINAL	/data2/XLLi/LBMCDE/FLOW-TEST/ORIGINAL/Ra1e10/chinu0.4_t100_latest/results	86	1.4000000000000000E+001	1.4000000000000000E+001	NA	0.4000000000000000	NA	0.5049488051588237	1.980398784556913	2.6049852462386405E-002	Flow odd magic policy = original tau_0 scale	NONFINITE_ABORT: statistics at time_tf = 1.5000000000000000E+001 absolute itc = 532346
FIRST_ORIGINAL	/data2/XLLi/LBMCDE/FLOW-TEST/ORIGINAL/Ra1e10/chinu0.5_t100_latest/results	86	1.4000000000000000E+001	1.4000000000000000E+001	NA	0.5000000000000000	NA	0.5059385661905884	1.976524556191467	3.1178603153650095E-002	Flow odd magic policy = original tau_0 scale	NONFINITE_ABORT: statistics at time_tf = 1.5000000000000000E+001 absolute itc = 532346
FIRST_ORIGINAL	/data2/XLLi/LBMCDE/FLOW-TEST/ORIGINAL/Ra1e10/chinu0.6/results	87	1.4000000000000000E+001	1.4000000000000000E+001	NA	0.6000000000000000	NA	0.5074232077382356	1.970741552120474	3.8821952162049089E-002	Flow odd magic policy = original tau_0 scale	POPULATION_NONFINITE_ABORT: time_tf = 1.50000052E+01 first_detected = 3 bad_f(i,j,q)/bad_g(i,j,q) = 1 1 0 1 1 0
FIRST_ORIGINAL	/data2/XLLi/LBMCDE/FLOW-TEST/ORIGINAL/Ra1e10/chinu0.6_t100_latest/results	86	1.4000000000000000E+001	1.4000000000000000E+001	NA	0.6000000000000000	NA	0.5074232077382356	1.970741552120474	3.8821952162049089E-002	Flow odd magic policy = original tau_0 scale	NONFINITE_ABORT: statistics at time_tf = 1.5000000000000000E+001 absolute itc = 532346
FIRST_ORIGINAL	/data2/XLLi/LBMCDE/FLOW-TEST/ORIGINAL/Ra1e10/chinu0.7_t100_latest/results	86	1.4000000000000000E+001	1.4000000000000000E+001	NA	0.7000000000000000	NA	0.5098976103176474	1.961178047837951	5.1429835116300560E-002	Flow odd magic policy = original tau_0 scale	NONFINITE_ABORT: statistics at time_tf = 1.5000000000000000E+001 absolute itc = 532346
FIRST_ORIGINAL	/data2/XLLi/LBMCDE/FLOW-TEST/ORIGINAL/Ra1e10/chinu0.8/results	87	1.4000000000000000E+001	1.4000000000000000E+001	NA	0.8000000000000000	NA	0.5148464154764710	1.942326818133788	7.6165458432268587E-002	Flow odd magic policy = original tau_0 scale	POPULATION_NONFINITE_ABORT: time_tf = 1.50000052E+01 first_detected = 3 bad_f(i,j,q)/bad_g(i,j,q) = 1 1 0 1 1 0
FIRST_ORIGINAL	/data2/XLLi/LBMCDE/FLOW-TEST/ORIGINAL/Ra1e10/chinu0.8_t100_latest/results	86	1.4000000000000000E+001	1.4000000000000000E+001	NA	0.8000000000000000	NA	0.5148464154764710	1.942326818133788	7.6165458432268587E-002	Flow odd magic policy = original tau_0 scale	NONFINITE_ABORT: statistics at time_tf = 1.5000000000000000E+001 absolute itc = 532346
FIRST_ORIGINAL	/data2/XLLi/LBMCDE/FLOW-TEST/ORIGINAL/Ra1e10/chinu0.95/results	87	3.0000000000000000E+001	3.0000000000000000E+001	NA	0.9500000000000000	NA	0.5593856619058842	1.787675423415212	0.2734236744616629	Flow odd magic policy = original tau_0 scale	POPULATION_NONFINITE_ABORT: time_tf = 3.09999901E+01 first_detected = 3 bad_f(i,j,q)/bad_g(i,j,q) = 1 1 0 1 1 0
FIRST_ORIGINAL	/data2/XLLi/LBMCDE/FLOW-TEST/ORIGINAL/Ra1e10/chinu0.95_t100_latest/results	86	3.0000000000000000E+001	3.0000000000000000E+001	NA	0.9500000000000000	NA	0.5593856619058842	1.787675423415212	0.2734236744616629	Flow odd magic policy = original tau_0 scale	NONFINITE_ABORT: statistics at time_tf = 3.1000000000000000E+001 absolute itc = 1100181
FIRST_ORIGINAL	/data2/XLLi/LBMCDE/FLOW-TEST/ORIGINAL/Ra1e10/chinu0.995_t100_latest/results	86	5.4000000000000000E+001	5.4000000000000000E+001	NA	0.9950000000000000	NA	1.093856619058843	0.9141965981431853	1.225891648726560	Flow odd magic policy = original tau_0 scale	NONFINITE_ABORT: statistics at time_tf = 5.5000000000000000E+001 absolute itc = 1951935
FIRST_ORIGINAL	/data2/XLLi/LBMCDE/FLOW-TEST/ORIGINAL/Ra1e10/chinu0.999_restart100_latest_t1400/results	86	2.1800000000000000E+002	2.1800000000000000E+002	1.9999999409921369E+002	0.9990000000000000	NA	3.469283095294214	0.2882439894733337	1.775736688961728	Flow odd magic policy = original tau_0 scale	NONFINITE_ABORT: statistics at time_tf = 2.1900000000000000E+002 absolute itc = 7772249
FIRST_ORIGINAL	/data2/XLLi/LBMCDE/FLOW-TEST/ORIGINAL/Ra1e10/chinu0.999_t100_latest/results	0	1.0000000000000000E+002	1.0000000000000000E+002	9.9999997049606847E+001	0.9990000000000000	NA	3.469283095294214	0.2882439894733337	1.775736688961728	Flow odd magic policy = original tau_0 scale	none
FIRST_ORIGINAL	/data2/XLLi/LBMCDE/FLOW-TEST/ORIGINAL/Ra1e10/chinu0.99_restart100_latest_t300/results	86	2.0700000000000000E+002	2.0700000000000000E+002	1.9999999409921369E+002	0.9900000000000000	NA	0.7969283095294213	1.254818015676329	0.8838094937162932	Flow odd magic policy = original tau_0 scale	NONFINITE_ABORT: statistics at time_tf = 2.0800000000000000E+002 absolute itc = 7381862
FIRST_ORIGINAL	/data2/XLLi/LBMCDE/FLOW-TEST/ORIGINAL/Ra1e10/chinu0.99_t100_latest/results	0	1.0000000000000000E+002	1.0000000000000000E+002	9.9999997049606847E+001	0.9900000000000000	NA	0.7969283095294213	1.254818015676329	0.8838094937162932	Flow odd magic policy = original tau_0 scale	none
FIRST_ORIGINAL	/data2/XLLi/LBMCDE/FLOW-TEST/ORIGINAL/Ra1e10/chinu0.9/results	87	1.9000000000000000E+001	1.9000000000000000E+001	NA	0.9000000000000000	NA	0.5296928309529422	1.887886604394764	0.1467425596990369	Flow odd magic policy = original tau_0 scale	POPULATION_NONFINITE_ABORT: time_tf = 1.99999881E+01 first_detected = 3 bad_f(i,j,q)/bad_g(i,j,q) = 1 1 0 1 1 0
FIRST_ORIGINAL	/data2/XLLi/LBMCDE/FLOW-TEST/ORIGINAL/Ra1e10/chinu0.9_t100_latest/results	86	1.9000000000000000E+001	1.9000000000000000E+001	NA	0.9000000000000000	NA	0.5296928309529422	1.887886604394764	0.1467425596990369	Flow odd magic policy = original tau_0 scale	NONFINITE_ABORT: statistics at time_tf = 2.0000000000000000E+001 absolute itc = 709794
FIRST_EFFECTIVE	/data2/XLLi/LBMCDE/FLOW-TEST/EFFECTIVE/Ra1e10/chinu0.0/results	86	NA	NA	NA	0.000000000000000	NA	0.5029692830952942	1.988192984362699	1.5711769332036413E-002	Flow odd magic policy = chi_nu-corrected effective scale	NONFINITE_ABORT: itc/count/i/j/variable = 1135680 / 16793604 1 1 / rho
FIRST_FIXED_SQ1	/data2/XLLi/LBMCDE/FLOW-TEST/FIXED_SQ1/Ra1e10/chinu0.0/results	86	3.5000000000000000E+001	3.5000000000000000E+001	NA	0.000000000000000	NA	0.5029692830952942	1.988192984362699	1.000000000000000	Flow odd magic policy = fixed Sq = 1 control	NONFINITE_ABORT: statistics at time_tf = 3.6000000000000000E+001 absolute itc = 1277630
FIRST_FIXED_SQ1	/data2/XLLi/LBMCDE/FLOW-TEST/FIXED_SQ1/Ra1e10/chinu0.0_t100_latest/results	86	3.5000000000000000E+001	3.5000000000000000E+001	NA	0.000000000000000	NA	0.5029692830952942	1.988192984362699	1.000000000000000	Flow odd magic policy = fixed Sq = 1 control	NONFINITE_ABORT: statistics at time_tf = 3.6000000000000000E+001 absolute itc = 1277630
FIRST_FIXED_SQ1	/data2/XLLi/LBMCDE/FLOW-TEST/FIXED_SQ1/Ra1e10/chinu0.1_t100_latest/results	86	3.3000000000000000E+001	3.3000000000000000E+001	NA	0.1000000000000000	NA	0.5032992034392157	1.986889693380513	1.000000000000000	Flow odd magic policy = fixed Sq = 1 control	NONFINITE_ABORT: statistics at time_tf = 3.4000000000000000E+001 absolute itc = 1206651
FIRST_FIXED_SQ1	/data2/XLLi/LBMCDE/FLOW-TEST/FIXED_SQ1/Ra1e10/chinu0.2_t100_latest/results	86	3.7000000000000000E+001	3.7000000000000000E+001	NA	0.2000000000000000	NA	0.5037116038691177	1.985262980480862	1.000000000000000	Flow odd magic policy = fixed Sq = 1 control	NONFINITE_ABORT: statistics at time_tf = 3.8000000000000000E+001 absolute itc = 1348609
FIRST_FIXED_SQ1	/data2/XLLi/LBMCDE/FLOW-TEST/FIXED_SQ1/Ra1e10/chinu0.3_t100_latest/results	86	3.8000000000000000E+001	3.8000000000000000E+001	NA	0.3000000000000000	NA	0.5042418329932774	1.983175402294185	1.000000000000000	Flow odd magic policy = fixed Sq = 1 control	NONFINITE_ABORT: statistics at time_tf = 3.9000000000000000E+001 absolute itc = 1384099
FIRST_FIXED_SQ1	/data2/XLLi/LBMCDE/FLOW-TEST/FIXED_SQ1/Ra1e10/chinu0.4_t100_latest/results	86	4.3000000000000000E+001	4.3000000000000000E+001	NA	0.4000000000000000	NA	0.5049488051588237	1.980398784556913	1.000000000000000	Flow odd magic policy = fixed Sq = 1 control	NONFINITE_ABORT: statistics at time_tf = 4.4000000000000000E+001 absolute itc = 1561548
FIRST_FIXED_SQ1	/data2/XLLi/LBMCDE/FLOW-TEST/FIXED_SQ1/Ra1e10/chinu0.5_t100_latest/results	86	3.0000000000000000E+001	3.0000000000000000E+001	NA	0.5000000000000000	NA	0.5059385661905884	1.976524556191467	1.000000000000000	Flow odd magic policy = fixed Sq = 1 control	NONFINITE_ABORT: statistics at time_tf = 3.1000000000000000E+001 absolute itc = 1100181
FIRST_FIXED_SQ1	/data2/XLLi/LBMCDE/FLOW-TEST/FIXED_SQ1/Ra1e10/chinu0.6_t100_latest/results	86	3.7000000000000000E+001	3.7000000000000000E+001	NA	0.6000000000000000	NA	0.5074232077382356	1.970741552120474	1.000000000000000	Flow odd magic policy = fixed Sq = 1 control	NONFINITE_ABORT: statistics at time_tf = 3.8000000000000000E+001 absolute itc = 1348609
FIRST_FIXED_SQ1	/data2/XLLi/LBMCDE/FLOW-TEST/FIXED_SQ1/Ra1e10/chinu0.7_t100_latest/results	86	4.1000000000000000E+001	4.1000000000000000E+001	NA	0.7000000000000000	NA	0.5098976103176474	1.961178047837951	1.000000000000000	Flow odd magic policy = fixed Sq = 1 control	NONFINITE_ABORT: statistics at time_tf = 4.2000000000000000E+001 absolute itc = 1490568
FIRST_FIXED_SQ1	/data2/XLLi/LBMCDE/FLOW-TEST/FIXED_SQ1/Ra1e10/chinu0.8_restart100_latest_t300/results	86	2.1700000000000000E+002	2.1700000000000000E+002	1.9999999409921369E+002	0.8000000000000000	NA	0.5148464154764710	1.942326818133788	1.000000000000000	Flow odd magic policy = fixed Sq = 1 control	NONFINITE_ABORT: statistics at time_tf = 2.1800000000000000E+002 absolute itc = 7736759
FIRST_FIXED_SQ1	/data2/XLLi/LBMCDE/FLOW-TEST/FIXED_SQ1/Ra1e10/chinu0.8_t100_latest/results	0	1.0000000000000000E+002	1.0000000000000000E+002	9.9999997049606847E+001	0.8000000000000000	NA	0.5148464154764710	1.942326818133788	1.000000000000000	Flow odd magic policy = fixed Sq = 1 control	none
FIRST_FIXED_SQ1	/data2/XLLi/LBMCDE/FLOW-TEST/FIXED_SQ1/Ra1e10/chinu0.95_restart100_latest_t300/results	86	1.8500000000000000E+002	1.8500000000000000E+002	9.9999997049606847E+001	0.9500000000000000	NA	0.5593856619058842	1.787675423415212	1.000000000000000	Flow odd magic policy = fixed Sq = 1 control	NONFINITE_ABORT: statistics at time_tf = 1.8600000000000000E+002 absolute itc = 6601088
FIRST_FIXED_SQ1	/data2/XLLi/LBMCDE/FLOW-TEST/FIXED_SQ1/Ra1e10/chinu0.95_t100_latest/results	0	1.0000000000000000E+002	1.0000000000000000E+002	9.9999997049606847E+001	0.9500000000000000	NA	0.5593856619058842	1.787675423415212	1.000000000000000	Flow odd magic policy = fixed Sq = 1 control	none
FIRST_FIXED_SQ1	/data2/XLLi/LBMCDE/FLOW-TEST/FIXED_SQ1/Ra1e10/chinu0.995_restart100_latest_t300/results	86	2.5400000000000000E+002	2.5400000000000000E+002	1.9999999409921369E+002	0.9950000000000000	NA	1.093856619058843	0.9141965981431853	1.000000000000000	Flow odd magic policy = fixed Sq = 1 control	NONFINITE_ABORT: statistics at time_tf = 2.5500000000000000E+002 absolute itc = 9049879
FIRST_FIXED_SQ1	/data2/XLLi/LBMCDE/FLOW-TEST/FIXED_SQ1/Ra1e10/chinu0.995_t100_latest/results	0	1.0000000000000000E+002	1.0000000000000000E+002	9.9999997049606847E+001	0.9950000000000000	NA	1.093856619058843	0.9141965981431853	1.000000000000000	Flow odd magic policy = fixed Sq = 1 control	none
FIRST_FIXED_SQ1	/data2/XLLi/LBMCDE/FLOW-TEST/FIXED_SQ1/Ra1e10/chinu0.999_restart100_latest_t300/results	86	2.0600000000000000E+002	2.0600000000000000E+002	1.9999999409921369E+002	0.9990000000000000	NA	3.469283095294214	0.2882439894733337	1.000000000000000	Flow odd magic policy = fixed Sq = 1 control	NONFINITE_ABORT: statistics at time_tf = 2.0700000000000000E+002 absolute itc = 7346372
FIRST_FIXED_SQ1	/data2/XLLi/LBMCDE/FLOW-TEST/FIXED_SQ1/Ra1e10/chinu0.999_t100_latest/results	0	1.0000000000000000E+002	1.0000000000000000E+002	9.9999997049606847E+001	0.9990000000000000	NA	3.469283095294214	0.2882439894733337	1.000000000000000	Flow odd magic policy = fixed Sq = 1 control	none
FIRST_FIXED_SQ1	/data2/XLLi/LBMCDE/FLOW-TEST/FIXED_SQ1/Ra1e10/chinu0.99_t100_latest/results	86	3.6000000000000000E+001	3.6000000000000000E+001	NA	0.9900000000000000	NA	0.7969283095294213	1.254818015676329	1.000000000000000	Flow odd magic policy = fixed Sq = 1 control	NONFINITE_ABORT: statistics at time_tf = 3.7000000000000000E+001 absolute itc = 1313120
FIRST_FIXED_SQ1	/data2/XLLi/LBMCDE/FLOW-TEST/FIXED_SQ1/Ra1e10/chinu0.99_t100_rerun_from0_latest/results	86	3.6000000000000000E+001	3.6000000000000000E+001	NA	0.9900000000000000	NA	0.7969283095294213	1.254818015676329	1.000000000000000	Flow odd magic policy = fixed Sq = 1 control	NONFINITE_ABORT: statistics at time_tf = 3.7000000000000000E+001 absolute itc = 1313120
FIRST_FIXED_SQ1	/data2/XLLi/LBMCDE/FLOW-TEST/FIXED_SQ1/Ra1e10/chinu0.9_restart100_latest_t300/results	86	2.0700000000000000E+002	2.0700000000000000E+002	1.9999999409921369E+002	0.9000000000000000	NA	0.5296928309529422	1.887886604394764	1.000000000000000	Flow odd magic policy = fixed Sq = 1 control	NONFINITE_ABORT: statistics at time_tf = 2.0800000000000000E+002 absolute itc = 7381862
FIRST_FIXED_SQ1	/data2/XLLi/LBMCDE/FLOW-TEST/FIXED_SQ1/Ra1e10/chinu0.9_t100_latest/results	0	1.0000000000000000E+002	1.0000000000000000E+002	9.9999997049606847E+001	0.9000000000000000	NA	0.5296928309529422	1.887886604394764	1.000000000000000	Flow odd magic policy = fixed Sq = 1 control	none
FIRST_FLOW_BGK	/data2/XLLi/LBMCDE/FLOW-TEST/FLOW_BGK/Ra1e10/chinu0.0/results	86	2.2800000000000000E+002	2.2800000000000000E+002	1.9999999409921369E+002	0.000000000000000	NA	0.5029692830952942	1.988192984362699	1.988192984362699	Flow collision policy = BGK (Sq = Snu; no flow magic parameter)	NONFINITE_ABORT: statistics at time_tf = 2.2900000000000000E+002 absolute itc = 8127146
FIRST_FLOW_BGK	/data2/XLLi/LBMCDE/FLOW-TEST/FLOW_BGK/Ra1e10/chinu0.2_restart100_latest_t300/results	86	2.2400000000000000E+002	2.2400000000000000E+002	1.9999999409921369E+002	0.2000000000000000	NA	0.5037116038691177	1.985262980480862	1.985262980480862	Flow collision policy = BGK (Sq = Snu; no flow magic parameter)	NONFINITE_ABORT: statistics at time_tf = 2.2500000000000000E+002 absolute itc = 7985187
FIRST_FLOW_BGK	/data2/XLLi/LBMCDE/FLOW-TEST/FLOW_BGK/Ra1e10/chinu0.2_t100_latest/results	0	1.0000000000000000E+002	1.0000000000000000E+002	9.9999997049606847E+001	0.2000000000000000	NA	0.5037116038691177	1.985262980480862	1.985262980480862	Flow collision policy = BGK (Sq = Snu; no flow magic parameter)	none
FIRST_FLOW_BGK	/data2/XLLi/LBMCDE/FLOW-TEST/FLOW_BGK/Ra1e10/chinu0.5_restart100_latest_t300/results	86	1.5800000000000000E+002	1.5800000000000000E+002	9.9999997049606847E+001	0.5000000000000000	NA	0.5059385661905884	1.976524556191467	1.976524556191467	Flow collision policy = BGK (Sq = Snu; no flow magic parameter)	NONFINITE_ABORT: statistics at time_tf = 1.5900000000000000E+002 absolute itc = 5642866
FIRST_FLOW_BGK	/data2/XLLi/LBMCDE/FLOW-TEST/FLOW_BGK/Ra1e10/chinu0.5_t100_latest/results	0	1.0000000000000000E+002	1.0000000000000000E+002	9.9999997049606847E+001	0.5000000000000000	NA	0.5059385661905884	1.976524556191467	1.976524556191467	Flow collision policy = BGK (Sq = Snu; no flow magic parameter)	none
FIRST_FLOW_BGK	/data2/XLLi/LBMCDE/FLOW-TEST/FLOW_BGK/Ra1e10/chinu0.7_from0_repeat_t500_latest_grid2049/results	87	1.8600000000000000E+002	1.8600000000000000E+002	9.9999998480478922E+001	0.7000000000000000	NA	0.5098927798587319	1.961196627018438	1.961196627018438	Flow collision policy = BGK (Sq = Snu; no flow magic parameter)	POPULATION_NONFINITE_ABORT: time_tf = 1.86997888E+02 first_detected = 3 bad_f(i,j,q)/bad_g(i,j,q) = 1 1 0 1 1 0
FIRST_FLOW_BGK	/data2/XLLi/LBMCDE/FLOW-TEST/FLOW_BGK/Ra1e10/chinu0.7_restart100_latest_t300/results	0	3.0000000000000000E+002	3.0000000000000000E+002	2.9999999114882053E+002	0.7000000000000000	NA	0.5098976103176474	1.961178047837951	1.961178047837951	Flow collision policy = BGK (Sq = Snu; no flow magic parameter)	none
FIRST_FLOW_BGK	/data2/XLLi/LBMCDE/FLOW-TEST/FLOW_BGK/Ra1e10/chinu0.7_restart300_latest_t1000_grid2049/results	86	4.5000000000000000E+002	4.5000000000000000E+002	3.9999998819842739E+002	0.7000000000000000	NA	0.5098976103176474	1.961178047837951	1.961178047837951	Flow collision policy = BGK (Sq = Snu; no flow magic parameter)	NONFINITE_ABORT: statistics at time_tf = 4.5100000000000000E+002 absolute itc = 16005864
FIRST_FLOW_BGK	/data2/XLLi/LBMCDE/FLOW-TEST/FLOW_BGK/Ra1e10/chinu0.7_restart300_latest_t1000/results	0	3.0000000000000000E+002	3.0000000000000000E+002	2.9999999114882053E+002	0.7000000000000000	NA	0.5098927798587319	1.961196627018438	1.961196627018438	Flow collision policy = BGK (Sq = Snu; no flow magic parameter)	none
FIRST_FLOW_BGK	/data2/XLLi/LBMCDE/FLOW-TEST/FLOW_BGK/Ra1e10/chinu0.7_retry_from_t400_latest_t1000_grid2049/results	86	4.7000000000000000E+002	4.7000000000000000E+002	3.9999998819842739E+002	0.7000000000000000	NA	0.5098976103176474	1.961178047837951	1.961178047837951	Flow collision policy = BGK (Sq = Snu; no flow magic parameter)	NONFINITE_ABORT: statistics at time_tf = 4.7100000000000000E+002 absolute itc = 16715659
FIRST_FLOW_BGK	/data2/XLLi/LBMCDE/FLOW-TEST/FLOW_BGK/Ra1e10/chinu0.7_t100_latest/results	0	1.0000000000000000E+002	1.0000000000000000E+002	9.9999997049606847E+001	0.7000000000000000	NA	0.5098976103176474	1.961178047837951	1.961178047837951	Flow collision policy = BGK (Sq = Snu; no flow magic parameter)	none
FIRST_FLOW_BGK	/data2/XLLi/LBMCDE/FLOW-TEST/FLOW_BGK/Ra1e10/chinu0.99_restart100_latest_t300_grid2049/results	86	1.5600000000000000E+002	1.5600000000000000E+002	9.9999997049606847E+001	0.9900000000000000	NA	0.7969283095294213	1.254818015676329	1.254818015676329	Flow collision policy = BGK (Sq = Snu; no flow magic parameter)	NONFINITE_ABORT: statistics at time_tf = 1.5700000000000000E+002 absolute itc = 5571886
FIRST_FLOW_BGK	/data2/XLLi/LBMCDE/FLOW-TEST/FLOW_BGK/Ra1e10/chinu0.99_restart100_latest_t300/results	0	1.0000000000000000E+002	1.0000000000000000E+002	9.9999997049606847E+001	0.9900000000000000	NA	0.7967833957619594	1.255046233793195	1.255046233793195	Flow collision policy = BGK (Sq = Snu; no flow magic parameter)	none
FIRST_FLOW_BGK	/data2/XLLi/LBMCDE/FLOW-TEST/FLOW_BGK/Ra1e10/chinu0.99_t100_latest/results	0	1.0000000000000000E+002	1.0000000000000000E+002	9.9999997049606847E+001	0.9900000000000000	NA	0.7969283095294213	1.254818015676329	1.254818015676329	Flow collision policy = BGK (Sq = Snu; no flow magic parameter)	none
FIRST_FLOW_BGK	/data2/XLLi/LBMCDE/FLOW-TEST/FLOW_BGK/Ra1e10/chinu0.9_restart100_latest_t300/results	86	2.9100000000000000E+002	2.9100000000000000E+002	1.9999999409921369E+002	0.9000000000000000	NA	0.5296928309529422	1.887886604394764	1.887886604394764	Flow collision policy = BGK (Sq = Snu; no flow magic parameter)	NONFINITE_ABORT: statistics at time_tf = 2.9200000000000000E+002 absolute itc = 10362999
FIRST_FLOW_BGK	/data2/XLLi/LBMCDE/FLOW-TEST/FLOW_BGK/Ra1e10/chinu0.9_t100_latest/results	0	1.0000000000000000E+002	1.0000000000000000E+002	9.9999997049606847E+001	0.9000000000000000	NA	0.5296928309529422	1.887886604394764	1.887886604394764	Flow collision policy = BGK (Sq = Snu; no flow magic parameter)	none
SECOND_FLOW_BGK	/data2/XLLi/LBMCDE/THRERMAL-D2Q9BGK-TEST/FLOW_BGK_CHI_EQUAL_SCAN/Ra1e10_restart100_latest_t300/chinu0.0_chikappa0.0/results	0	1.0000000000000000E+002	1.0000000000000000E+002	9.9999997049606847E+001	0.000000000000000	0.000000000000000	0.5029678339576196	1.988198712691955	1.988198712691955	Flow collision policy = BGK (Sq = Snu; no flow magic parameter)	none
SECOND_FLOW_BGK	/data2/XLLi/LBMCDE/THRERMAL-D2Q9BGK-TEST/FLOW_BGK_CHI_EQUAL_SCAN/Ra1e10_restart100_latest_t300/chinu0.2_chikappa0.2/results	0	1.0000000000000000E+002	1.0000000000000000E+002	9.9999997049606847E+001	0.2000000000000000	0.2000000000000000	0.5037097924470245	1.985270119808462	1.985270119808462	Flow collision policy = BGK (Sq = Snu; no flow magic parameter)	none
SECOND_FLOW_BGK	/data2/XLLi/LBMCDE/THRERMAL-D2Q9BGK-TEST/FLOW_BGK_CHI_EQUAL_SCAN/Ra1e10_restart100_latest_t300/chinu0.5_chikappa0.5/results	0	1.0000000000000000E+002	1.0000000000000000E+002	9.9999997049606847E+001	0.5000000000000000	0.5000000000000000	0.5059356679152391	1.976535878801755	1.976535878801755	Flow collision policy = BGK (Sq = Snu; no flow magic parameter)	none
SECOND_FLOW_BGK	/data2/XLLi/LBMCDE/THRERMAL-D2Q9BGK-TEST/FLOW_BGK_CHI_EQUAL_SCAN/Ra1e10_restart100_latest_t300/chinu0.7_chikappa0.7/results	0	1.0000000000000000E+002	1.0000000000000000E+002	9.9999997049606847E+001	0.7000000000000000	0.7000000000000000	0.5098927798587319	1.961196627018438	1.961196627018438	Flow collision policy = BGK (Sq = Snu; no flow magic parameter)	none
SECOND_FLOW_BGK	/data2/XLLi/LBMCDE/THRERMAL-D2Q9BGK-TEST/FLOW_BGK_CHI_EQUAL_SCAN/Ra1e10_restart100_latest_t300/chinu0.99_chikappa0.99/results	0	1.0000000000000000E+002	1.0000000000000000E+002	9.9999997049606847E+001	0.9900000000000000	0.9900000000000000	0.7967833957619594	1.255046233793195	1.255046233793195	Flow collision policy = BGK (Sq = Snu; no flow magic parameter)	none
SECOND_FLOW_BGK	/data2/XLLi/LBMCDE/THRERMAL-D2Q9BGK-TEST/FLOW_BGK_CHI_EQUAL_SCAN/Ra1e10_restart100_latest_t300/chinu0.9_chikappa0.9/results	0	1.0000000000000000E+002	1.0000000000000000E+002	9.9999997049606847E+001	0.9000000000000000	0.9000000000000000	0.5296783395761959	1.887938254753094	1.887938254753094	Flow collision policy = BGK (Sq = Snu; no flow magic parameter)	none
SECOND_FLOW_BGK	/data2/XLLi/LBMCDE/THRERMAL-D2Q9BGK-TEST/FLOW_BGK_CHI_EQUAL_SCAN/Ra1e10_restart100_latest_t300_grid2049/chinu0.0_chikappa0.0/results	1	1.0000000000000000E+002	1.0000000000000000E+002	9.9999997049606847E+001	0.000000000000000	0.000000000000000	0.5029692830952942	1.988192984362699	1.988192984362699	Flow collision policy = BGK (Sq = Snu; no flow magic parameter)	none
SECOND_FLOW_BGK	/data2/XLLi/LBMCDE/THRERMAL-D2Q9BGK-TEST/FLOW_BGK_CHI_EQUAL_SCAN/Ra1e10_restart100_latest_t300_grid2049/chinu0.2_chikappa0.2/results	1	1.0000000000000000E+002	1.0000000000000000E+002	9.9999997049606847E+001	0.2000000000000000	0.2000000000000000	0.5037116038691177	1.985262980480862	1.985262980480862	Flow collision policy = BGK (Sq = Snu; no flow magic parameter)	none
SECOND_FLOW_BGK	/data2/XLLi/LBMCDE/THRERMAL-D2Q9BGK-TEST/FLOW_BGK_CHI_EQUAL_SCAN/Ra1e10_restart100_latest_t300_grid2049/chinu0.5_chikappa0.5/results	1	1.0000000000000000E+002	1.0000000000000000E+002	9.9999997049606847E+001	0.5000000000000000	0.5000000000000000	0.5059385661905884	1.976524556191467	1.976524556191467	Flow collision policy = BGK (Sq = Snu; no flow magic parameter)	none
SECOND_FLOW_BGK	/data2/XLLi/LBMCDE/THRERMAL-D2Q9BGK-TEST/FLOW_BGK_CHI_EQUAL_SCAN/Ra1e10_restart100_latest_t300_grid2049/chinu0.7_chikappa0.7/results	1	1.0000000000000000E+002	1.0000000000000000E+002	9.9999997049606847E+001	0.7000000000000000	0.7000000000000000	0.5098976103176474	1.961178047837951	1.961178047837951	Flow collision policy = BGK (Sq = Snu; no flow magic parameter)	none
SECOND_FLOW_BGK	/data2/XLLi/LBMCDE/THRERMAL-D2Q9BGK-TEST/FLOW_BGK_CHI_EQUAL_SCAN/Ra1e10_restart100_latest_t300_grid2049/chinu0.99_chikappa0.99/results	1	1.0000000000000000E+002	1.0000000000000000E+002	9.9999997049606847E+001	0.9900000000000000	0.9900000000000000	0.7969283095294213	1.254818015676329	1.254818015676329	Flow collision policy = BGK (Sq = Snu; no flow magic parameter)	none
SECOND_FLOW_BGK	/data2/XLLi/LBMCDE/THRERMAL-D2Q9BGK-TEST/FLOW_BGK_CHI_EQUAL_SCAN/Ra1e10_restart100_latest_t300_grid2049/chinu0.9_chikappa0.9/results	1	1.0000000000000000E+002	1.0000000000000000E+002	9.9999997049606847E+001	0.9000000000000000	0.9000000000000000	0.5296928309529422	1.887886604394764	1.887886604394764	Flow collision policy = BGK (Sq = Snu; no flow magic parameter)	none
SECOND_FLOW_BGK	/data2/XLLi/LBMCDE/THRERMAL-D2Q9BGK-TEST/FLOW_BGK_CHI_EQUAL_SCAN/Ra1e10_restart100_latest_t300_grid2049_historyfix/chinu0.0_chikappa0.0/results	0	3.0000000000000000E+002	3.0000000000000000E+002	2.9999999114882053E+002	0.000000000000000	0.000000000000000	0.5029692830952942	1.988192984362699	1.988192984362699	Flow collision policy = BGK (Sq = Snu; no flow magic parameter)	none
SECOND_FLOW_BGK	/data2/XLLi/LBMCDE/THRERMAL-D2Q9BGK-TEST/FLOW_BGK_CHI_EQUAL_SCAN/Ra1e10_restart100_latest_t300_grid2049_historyfix/chinu0.2_chikappa0.2/results	0	3.0000000000000000E+002	3.0000000000000000E+002	2.9999999114882053E+002	0.2000000000000000	0.2000000000000000	0.5037116038691177	1.985262980480862	1.985262980480862	Flow collision policy = BGK (Sq = Snu; no flow magic parameter)	none
SECOND_FLOW_BGK	/data2/XLLi/LBMCDE/THRERMAL-D2Q9BGK-TEST/FLOW_BGK_CHI_EQUAL_SCAN/Ra1e10_restart100_latest_t300_grid2049_historyfix/chinu0.5_chikappa0.5/results	0	3.0000000000000000E+002	3.0000000000000000E+002	2.9999999114882053E+002	0.5000000000000000	0.5000000000000000	0.5059385661905884	1.976524556191467	1.976524556191467	Flow collision policy = BGK (Sq = Snu; no flow magic parameter)	none
SECOND_FLOW_BGK	/data2/XLLi/LBMCDE/THRERMAL-D2Q9BGK-TEST/FLOW_BGK_CHI_EQUAL_SCAN/Ra1e10_restart100_latest_t300_grid2049_historyfix/chinu0.7_chikappa0.7/results	0	3.0000000000000000E+002	3.0000000000000000E+002	2.9999999114882053E+002	0.7000000000000000	0.7000000000000000	0.5098976103176474	1.961178047837951	1.961178047837951	Flow collision policy = BGK (Sq = Snu; no flow magic parameter)	none
SECOND_FLOW_BGK	/data2/XLLi/LBMCDE/THRERMAL-D2Q9BGK-TEST/FLOW_BGK_CHI_EQUAL_SCAN/Ra1e10_restart100_latest_t300_grid2049_historyfix/chinu0.99_chikappa0.99/results	0	3.0000000000000000E+002	3.0000000000000000E+002	2.9999999114882053E+002	0.9900000000000000	0.9900000000000000	0.7969283095294213	1.254818015676329	1.254818015676329	Flow collision policy = BGK (Sq = Snu; no flow magic parameter)	none
SECOND_FLOW_BGK	/data2/XLLi/LBMCDE/THRERMAL-D2Q9BGK-TEST/FLOW_BGK_CHI_EQUAL_SCAN/Ra1e10_restart100_latest_t300_grid2049_historyfix/chinu0.9_chikappa0.9/results	0	3.0000000000000000E+002	3.0000000000000000E+002	2.9999999114882053E+002	0.9000000000000000	0.9000000000000000	0.5296928309529422	1.887886604394764	1.887886604394764	Flow collision policy = BGK (Sq = Snu; no flow magic parameter)	none
SECOND_FLOW_BGK	/data2/XLLi/LBMCDE/THRERMAL-D2Q9BGK-TEST/FLOW_BGK_CHI_EQUAL_SCAN/Ra1e10_restart300_latest_t1000_grid2049_historyfix/chinu0.0_chikappa0.0/results	0	1.0000000000000000E+003	1.0000000000000000E+003	9.9999999867324118E+002	0.000000000000000	0.000000000000000	0.5029692830952942	1.988192984362699	1.988192984362699	Flow collision policy = BGK (Sq = Snu; no flow magic parameter)	none
SECOND_FLOW_BGK	/data2/XLLi/LBMCDE/THRERMAL-D2Q9BGK-TEST/FLOW_BGK_CHI_EQUAL_SCAN/Ra1e10_restart300_latest_t1000_grid2049_historyfix/chinu0.2_chikappa0.2/results	missing	7.2600000000000000E+002	7.2600000000000000E+002	6.9999997934724797E+002	0.2000000000000000	0.2000000000000000	0.5037116038691177	1.985262980480862	1.985262980480862	Flow collision policy = BGK (Sq = Snu; no flow magic parameter)	none
SECOND_FLOW_BGK	/data2/XLLi/LBMCDE/THRERMAL-D2Q9BGK-TEST/FLOW_BGK_CHI_EQUAL_SCAN/Ra1e10_restart300_latest_t1000_grid2049_historyfix/chinu0.5_chikappa0.5/results	missing	8.2600000000000000E+002	8.2600000000000000E+002	7.9999997639685478E+002	0.5000000000000000	0.5000000000000000	0.5059385661905884	1.976524556191467	1.976524556191467	Flow collision policy = BGK (Sq = Snu; no flow magic parameter)	none
SECOND_FLOW_BGK	/data2/XLLi/LBMCDE/THRERMAL-D2Q9BGK-TEST/FLOW_BGK_CHI_EQUAL_SCAN/Ra1e10_restart300_latest_t1000_grid2049_historyfix/chinu0.7_chikappa0.7/results	missing	NA	NA	NA	NA	NA	NA	NA	NA	NA	none
SECOND_FLOW_BGK	/data2/XLLi/LBMCDE/THRERMAL-D2Q9BGK-TEST/FLOW_BGK_CHI_EQUAL_SCAN/Ra1e10_restart300_latest_t1000_grid2049_historyfix/chinu0.99_chikappa0.99/results	missing	NA	NA	NA	NA	NA	NA	NA	NA	NA	none
SECOND_FLOW_BGK	/data2/XLLi/LBMCDE/THRERMAL-D2Q9BGK-TEST/FLOW_BGK_CHI_EQUAL_SCAN/Ra1e10_restart300_latest_t1000_grid2049_historyfix/chinu0.9_chikappa0.9/results	missing	NA	NA	NA	NA	NA	NA	NA	NA	NA	none
SECOND_FLOW_BGK	/data2/XLLi/LBMCDE/THRERMAL-D2Q9BGK-TEST/FLOW_BGK_CHI_EQUAL_SCAN/Ra1e10_t100_latest/chinu0.0_chikappa0.0/results	0	1.0000000000000000E+002	1.0000000000000000E+002	9.9999997049606847E+001	0.000000000000000	0.000000000000000	0.5029692830952942	1.988192984362699	1.988192984362699	Flow collision policy = BGK (Sq = Snu; no flow magic parameter)	none
SECOND_FLOW_BGK	/data2/XLLi/LBMCDE/THRERMAL-D2Q9BGK-TEST/FLOW_BGK_CHI_EQUAL_SCAN/Ra1e10_t100_latest/chinu0.2_chikappa0.2/results	0	1.0000000000000000E+002	1.0000000000000000E+002	9.9999997049606847E+001	0.2000000000000000	0.2000000000000000	0.5037116038691177	1.985262980480862	1.985262980480862	Flow collision policy = BGK (Sq = Snu; no flow magic parameter)	none
SECOND_FLOW_BGK	/data2/XLLi/LBMCDE/THRERMAL-D2Q9BGK-TEST/FLOW_BGK_CHI_EQUAL_SCAN/Ra1e10_t100_latest/chinu0.5_chikappa0.5/results	0	1.0000000000000000E+002	1.0000000000000000E+002	9.9999997049606847E+001	0.5000000000000000	0.5000000000000000	0.5059385661905884	1.976524556191467	1.976524556191467	Flow collision policy = BGK (Sq = Snu; no flow magic parameter)	none
SECOND_FLOW_BGK	/data2/XLLi/LBMCDE/THRERMAL-D2Q9BGK-TEST/FLOW_BGK_CHI_EQUAL_SCAN/Ra1e10_t100_latest/chinu0.7_chikappa0.7/results	0	1.0000000000000000E+002	1.0000000000000000E+002	9.9999997049606847E+001	0.7000000000000000	0.7000000000000000	0.5098976103176474	1.961178047837951	1.961178047837951	Flow collision policy = BGK (Sq = Snu; no flow magic parameter)	none
SECOND_FLOW_BGK	/data2/XLLi/LBMCDE/THRERMAL-D2Q9BGK-TEST/FLOW_BGK_CHI_EQUAL_SCAN/Ra1e10_t100_latest/chinu0.99_chikappa0.99/results	0	1.0000000000000000E+002	1.0000000000000000E+002	9.9999997049606847E+001	0.9900000000000000	0.9900000000000000	0.7969283095294213	1.254818015676329	1.254818015676329	Flow collision policy = BGK (Sq = Snu; no flow magic parameter)	none
SECOND_FLOW_BGK	/data2/XLLi/LBMCDE/THRERMAL-D2Q9BGK-TEST/FLOW_BGK_CHI_EQUAL_SCAN/Ra1e10_t100_latest/chinu0.9_chikappa0.9/results	0	1.0000000000000000E+002	1.0000000000000000E+002	9.9999997049606847E+001	0.9000000000000000	0.9000000000000000	0.5296928309529422	1.887886604394764	1.887886604394764	Flow collision policy = BGK (Sq = Snu; no flow magic parameter)	none
